Rk,Name,S,C,F,Yrs,From,To,ASG,W,L,W-L%,ERA,G,GS,GF,CG,SHO,SV,IP,H,R,ER,HR,BB,IBB,SO,HBP,BK,WP,BF,ERA+,Name-additional
,,,,,,,,,,,,,,,,,,,,,,,,,,,,,,,,-9999
1,Fernando Abad,-,-,F,1,2023,2023,0,1,0,1.000,4.26,6,0,2,0,0,0,6.1,11,3,3,2,3,0,2,0,0,0,32,122,abadfe01
2,Jose Acevedo,-,-,F,1,2005,2005,0,2,4,.333,6.47,36,5,7,0,0,1,64.0,86,48,46,13,16,3,31,1,1,0,292,74,acevejo01
3,Juan Acevedo,S,-,-,2,1995,2001,0,4,8,.333,6.17,56,11,14,0,0,0,97.2,119,77,67,19,39,8,66,7,1,2,444,87,aceveju01
4,Jeremy Affeldt,-,-,-,2,2006,2007,0,8,5,.615,4.59,102,0,20,0,0,1,86.1,78,49,44,7,46,12,66,4,1,6,381,106,affelje01
5,Scott Aldred,-,-,-,1,1993,1993,0,0,0,,10.80,5,0,1,0,0,0,6.2,10,10,8,1,9,1,5,1,0,1,40,46,aldresc01
6,Yency Almonte,S,-,-,4,2018,2021,0,4,4,.500,5.30,114,0,28,0,0,1,124.0,126,82,73,19,53,1,113,8,0,5,547,95,almonye01
7,Garvin Alston,S,C,F,1,1996,1996,0,1,0,1.000,9.00,6,0,4,0,0,0,6.0,9,6,6,1,3,0,5,1,0,1,30,61,alstoga01
8,Brett Anderson,-,-,-,1,2014,2014,0,1,3,.250,2.91,8,8,0,0,0,0,43.1,44,18,14,1,13,3,29,0,0,0,180,147,anderbr04
9,Chase Anderson,-,-,-,1,2023,2023,0,1,6,.143,5.75,17,17,0,0,0,0,81.1,88,53,52,17,32,0,62,7,0,1,354,86,anderch01
10,Matt Anderson,-,-,F,1,2005,2005,0,0,0,,12.60,12,0,6,0,0,0,10.0,19,17,14,3,11,0,4,2,0,0,62,39,anderma01
11,Tyler Anderson,S,-,-,4,2016,2019,0,18,24,.429,4.69,73,71,1,0,0,0,397.0,405,219,207,66,124,3,367,8,8,19,1683,104,anderty01
12,Alberto Árias,S,-,-,2,2007,2008,0,1,0,1.000,3.43,18,0,4,0,0,0,21.0,20,8,8,2,9,0,8,1,0,1,88,142,ariasal02
13,Rolando Arrojo,-,-,-,1,2000,2000,0,5,9,.357,6.04,19,19,0,0,0,0,101.1,120,77,68,14,46,6,80,12,2,1,470,96,arrojro01
14,Miguel Asencio,-,-,F,1,2006,2006,0,1,0,1.000,4.70,3,1,0,0,0,0,7.2,9,8,4,1,4,0,7,1,0,0,37,109,asencmi01
15,Andy Ashby,-,-,-,1,1993,1993,0,0,4,.000,8.50,20,9,3,0,0,1,54.0,89,54,51,5,32,4,33,3,3,2,277,57,ashbyan01
16,Pedro Astacio,-,-,-,5,1997,2001,0,53,48,.525,5.43,130,129,0,14,1,0,827.1,920,533,499,139,290,14,749,58,0,19,3646,102,astacpe01
17,John Axford,-,-,-,1,2015,2015,0,4,5,.444,4.20,60,0,43,0,0,25,55.2,56,27,26,4,32,4,62,0,0,1,250,110,axforjo01
18,Manny Aybar,-,-,-,1,2000,2000,0,0,1,.000,16.20,1,0,0,0,0,0,1.2,5,3,3,1,0,0,0,0,0,0,10,41,aybarma01
19,Roger Bailey,S,C,F,3,1995,1997,0,18,19,.486,4.90,92,46,13,5,2,1,356.0,392,216,194,43,161,5,162,15,1,14,1580,107,bailero01
20,Daniel Bard,-,-,F,4,2020,2023,0,21,16,.568,3.83,197,0,113,0,0,61,200.0,161,96,85,18,120,7,223,21,1,10,887,127,bardda01
21,Denny Bautista,-,-,-,2,2006,2007,0,2,2,.500,9.39,13,2,5,0,0,0,15.1,27,22,16,0,8,0,13,1,0,0,81,54,bautide01
22,Robbie Beckett,S,C,F,2,1996,1997,0,0,0,,11.57,7,0,4,0,0,0,7.0,7,9,9,3,10,1,8,0,0,1,38,49,beckero01
23,Jalen Beeks,-,-,-,1,2024,2024,0,6,4,.600,4.74,45,0,21,0,0,9,49.1,49,29,26,6,18,1,38,1,0,5,211,98,beeksja02
24,Joe Beimel,-,-,-,2,2009,2010,0,1,3,.250,3.56,97,0,18,0,0,0,60.2,65,25,24,7,19,4,32,0,1,4,256,132,beimejo01
25,Stan Belinda,-,-,-,1,2000,2000,0,1,3,.250,7.07,46,0,10,0,0,1,35.2,39,32,28,10,17,4,40,2,0,2,166,83,belinst01
26,Matt Belisle,-,-,-,6,2009,2014,0,32,32,.500,3.88,392,1,70,0,0,4,412.2,437,196,178,34,87,19,345,11,2,13,1730,117,belisma01
27,Todd Belitz,-,-,F,1,2001,2001,0,1,1,.500,7.71,8,0,3,0,0,0,9.1,9,8,8,2,3,0,5,0,0,0,40,71,belitto01
28,Rigo Beltrán,-,-,-,2,1999,2000,0,0,0,,10.95,13,1,2,0,0,0,12.1,26,15,15,4,10,1,16,1,0,1,74,55,beltrri01
29,Christian Bergman,S,-,-,3,2014,2016,0,7,9,.438,5.79,55,15,11,0,0,0,147.2,196,97,95,24,31,3,90,1,0,4,654,79,bergmch01
30,Adam Bernero,-,-,-,2,2003,2004,0,1,3,.250,5.40,47,2,9,0,0,0,65.0,69,42,39,12,30,3,47,1,0,2,289,92,bernead01
31,Rafael Betancourt,-,-,F,6,2009,2015,0,15,15,.500,3.53,309,0,136,0,0,58,275.2,237,114,108,29,56,13,315,0,3,9,1117,131,betanra01
32,Chad Bettis,S,C,F,7,2013,2019,0,31,31,.500,5.12,164,92,20,1,1,1,600.2,672,369,342,79,210,17,431,24,2,25,2656,93,bettich01
33,Bruce Billings,S,-,-,1,2011,2011,0,0,0,,4.50,1,0,1,0,0,0,2.0,5,1,1,0,0,0,0,0,0,1,9,118,billibr02
34,Jake Bird,S,C,F,3,2022,2024,0,7,9,.438,4.62,140,3,22,0,0,1,173.1,179,97,89,18,75,4,147,13,0,7,761,104,birdja01
35,Ty Blach,-,-,F,3,2022,2024,0,7,11,.389,6.13,64,26,16,0,0,1,193.2,258,135,132,36,53,2,115,14,0,3,875,78,blachty01
36,Willie Blair,-,-,-,2,1993,1994,0,6,15,.286,5.11,93,19,18,1,0,3,223.2,282,147,127,29,81,7,152,7,1,10,1029,95,blairwi01
37,Bradley Blalock,-,-,F,1,2024,2024,0,1,3,.250,6.07,6,6,0,0,0,0,29.2,35,22,20,4,19,0,20,1,0,0,143,77,blalobr01
38,Mitchell Boggs,-,-,F,1,2013,2013,0,0,0,,3.12,9,0,4,0,0,0,8.2,7,3,3,2,5,0,5,1,0,0,38,148,boggsmi01
39,Brian Bohanon,-,-,F,3,1999,2001,0,29,30,.492,5.82,87,78,0,5,2,0,471.1,544,326,305,74,218,8,265,27,0,10,2131,98,bohanbr01
40,Kent Bottenfield,-,-,-,2,1993,1994,0,6,6,.500,6.04,29,15,3,1,0,1,101.1,114,69,68,14,48,1,45,3,0,2,449,80,botteke01
41,Ben Bowden,S,C,F,1,2021,2021,0,3,2,.600,6.56,39,0,9,0,0,0,35.2,44,30,26,6,21,2,42,1,0,1,177,74,bowdebe01
42,Cedrick Bowers,S,-,-,1,2008,2008,0,0,0,,13.50,5,0,3,0,0,0,6.2,11,10,10,2,5,0,5,1,0,1,33,36,bowerce01
43,Micah Bowie,-,-,F,1,2008,2008,0,0,1,.000,9.00,10,0,1,0,0,0,8.0,11,8,8,1,3,0,5,1,0,0,38,54,bowiemi01
44,Rex Brothers,S,-,-,5,2011,2015,0,16,11,.593,3.42,286,0,72,0,0,20,242.1,221,103,92,21,140,11,278,3,5,16,1067,132,brothre01
45,Brooks Brown,S,C,F,2,2014,2015,0,1,4,.200,3.97,64,0,16,0,0,0,59.0,52,27,26,5,21,1,41,2,0,3,251,114,brownbr02
46,Mark Brownson,S,-,-,2,1998,1999,0,1,2,.333,6.91,9,9,0,1,1,0,43.0,58,33,33,10,10,0,29,2,0,2,196,82,brownma04
47,Justin Bruihl,-,-,-,1,2023,2023,0,0,0,,14.73,7,0,4,0,0,0,3.2,4,7,6,0,3,1,3,1,0,0,19,36,bruihju01
48,Taylor Buchholz,-,-,-,3,2007,2010,0,13,11,.542,3.44,111,8,27,0,0,1,170.0,160,75,65,15,44,6,126,4,2,8,702,139,buchhta01
49,John Burke,S,C,F,2,1996,1997,0,4,6,.400,6.75,28,9,4,0,0,0,74.2,104,59,56,16,33,0,58,7,0,5,363,77,burkejo04
50,Drew Butera,-,-,-,1,2020,2020,0,0,0,,5.40,1,0,1,0,0,0,1.2,3,1,1,0,0,0,1,0,0,0,8,112,buterdr01
51,Eddie Butler,S,-,-,3,2014,2016,0,6,16,.273,6.50,36,28,0,1,0,0,159.1,212,126,115,28,70,6,94,7,0,1,739,72,butleed01
52,Edwar Cabrera,S,C,F,1,2012,2012,0,0,2,.000,11.12,2,2,0,0,0,0,5.2,9,9,7,3,7,1,5,0,0,0,33,44,cabreed01
53,Blair Calvo,S,C,F,1,2023,2023,0,0,0,,0.00,1,0,1,0,0,0,1.0,0,0,0,0,0,0,0,0,0,0,3,,calvobl01
54,José Capellán,-,-,F,1,2008,2008,0,0,0,,4.50,1,0,1,0,0,0,2.0,3,1,1,0,0,0,2,0,0,0,9,121,capeljo01
55,Matt Carasiti,S,-,F,3,2016,2024,0,2,1,.667,7.95,42,0,10,0,0,1,48.2,69,46,43,6,25,0,40,5,0,3,236,62,carasma01
56,Shane Carle,S,-,-,1,2017,2017,0,0,0,,6.75,3,0,3,0,0,0,4.0,6,3,3,1,0,0,4,0,0,1,19,80,carlesh01
57,Giovanni Carrara,-,-,-,1,2000,2000,0,0,1,.000,12.83,8,0,2,0,0,0,13.1,21,19,19,5,11,2,15,1,0,0,72,46,carragi01
58,Marcos Carvajal,S,-,-,1,2005,2005,0,0,2,.000,5.09,39,0,11,0,0,0,53.0,52,30,30,8,21,0,47,3,0,4,229,94,carvama01
59,Ryan Castellani,S,-,-,2,2020,2021,0,1,4,.200,5.79,11,10,0,0,0,0,46.2,42,32,30,13,30,0,27,6,0,1,206,90,castery01
60,Frank Castillo,-,-,-,1,1997,1997,0,6,3,.667,5.42,14,14,0,0,0,0,86.1,107,57,52,16,25,3,59,4,0,2,384,96,castifr01
61,Harold Castro,-,-,F,1,2023,2023,0,0,0,,9.00,2,0,2,0,0,0,2.0,4,2,2,0,1,0,0,1,0,0,11,64,castrha01
62,Miguel Castro,-,-,-,2,2015,2016,0,0,1,.000,7.20,24,0,7,0,0,0,20.0,24,16,16,5,9,0,18,1,0,0,93,69,castrmi01
63,Simón Castro,-,-,-,1,2015,2015,0,2,0,1.000,6.10,11,0,2,0,0,0,10.1,11,7,7,0,5,0,9,1,0,0,47,78,castrsi01
64,Jhoulys Chacín,S,-,F,8,2009,2022,0,45,52,.464,4.05,205,110,15,2,1,0,783.2,727,388,353,75,329,10,598,21,1,29,3348,113,chacijh01
65,Shawn Chacón,S,-,-,5,2001,2005,1,24,45,.348,5.20,150,83,60,0,0,35,552.1,543,338,319,82,293,28,385,42,1,26,2482,96,chacosh01
66,Tyler Chatwood,-,-,-,5,2012,2017,0,34,35,.493,4.18,103,88,6,2,1,2,505.2,496,254,235,53,229,11,364,15,2,35,2171,114,chatwty01
67,Angel Chivilli,S,C,F,1,2024,2024,0,1,2,.333,3.42,25,0,10,0,0,1,26.1,25,11,10,6,5,0,23,1,0,0,107,136,chivian01
68,Bobby Chouinard,-,-,F,2,2000,2001,0,2,2,.500,4.69,39,0,11,0,0,0,40.1,45,24,21,8,10,3,28,1,0,0,174,123,chouibo01
69,Tim Christman,S,C,F,1,2001,2001,0,0,0,,4.50,1,0,1,0,0,0,2.0,1,1,1,1,0,0,2,0,0,0,7,135,christi01
70,Darren Clarke,S,C,F,1,2007,2007,0,0,0,,0.00,2,0,0,0,0,0,1.1,2,0,0,0,1,0,1,0,0,0,7,,clarkda06
71,Alex Colomé,-,-,-,1,2022,2022,0,2,7,.222,5.74,53,0,13,0,0,4,47.0,57,36,30,5,22,2,32,0,1,4,215,81,colomal01
72,José Contreras,-,-,-,1,2009,2009,0,1,0,1.000,1.59,7,2,0,0,0,0,17.0,20,3,3,2,8,1,17,0,0,0,76,302,contrjo01
73,Aaron Cook,S,-,-,10,2002,2011,1,72,68,.514,4.53,238,206,5,11,2,0,1312.1,1519,708,660,111,408,44,558,47,2,35,5710,106,cookaa01
74,Mark Corey,-,-,-,1,2002,2002,0,0,0,,12.00,14,0,3,0,0,0,12.0,22,16,16,7,8,1,12,2,0,0,66,41,coreyma02
75,Manny Corpas,S,-,F,6,2006,2013,0,13,18,.419,4.01,311,0,121,0,0,34,327.2,342,150,146,31,96,16,236,10,1,7,1386,118,corpama01
76,David Cortés,-,-,F,2,2005,2006,0,5,1,.833,4.17,80,0,30,0,0,2,82.0,85,38,38,12,16,3,50,2,0,3,337,117,corteda01
77,Jeff Criswell,S,C,F,1,2024,2024,0,1,0,1.000,2.84,9,0,1,0,0,0,12.2,10,4,4,3,5,0,17,1,0,0,53,166,criswje01
78,Rich Croushore,-,-,-,1,2000,2000,0,2,0,1.000,8.74,6,0,1,0,0,0,11.1,15,11,11,1,6,1,11,1,0,1,56,68,crousri01
79,Nelson Cruz,-,-,F,1,2003,2003,0,3,5,.375,7.21,20,7,1,0,0,0,53.2,65,43,43,15,11,2,38,3,0,3,233,69,cruzne01
80,John Curtiss,-,-,F,1,2024,2024,0,0,0,,15.43,3,0,2,0,0,0,2.1,6,4,4,2,0,0,1,0,0,0,12,34,curtijo02
81,Jim Czajkowski,S,C,F,1,1994,1994,0,0,0,,4.15,5,0,2,0,0,0,8.2,9,4,4,2,6,1,2,3,0,1,42,124,czajkji01
82,Matt Daley,S,-,-,3,2009,2011,0,1,2,.333,4.71,92,0,19,0,0,0,80.1,78,42,42,9,30,3,80,5,0,1,346,100,daleyma01
83,Vic Darensbourg,-,-,-,1,2003,2003,0,0,0,,0.00,3,0,2,0,0,0,2.1,4,1,0,0,0,0,0,0,0,0,12,,darenvi01
84,Joe Davenport,-,-,F,1,2001,2001,0,0,0,,3.48,7,0,3,0,0,0,10.1,8,7,4,1,7,0,8,0,0,0,44,157,davenjo01
85,Kane Davis,-,-,-,1,2001,2001,0,2,4,.333,4.35,57,0,6,0,0,0,68.1,66,36,33,11,32,4,47,1,0,4,301,123,daviska01
86,Noah Davis,S,C,F,3,2022,2024,0,0,4,.000,7.71,18,6,3,0,0,0,51.1,77,47,44,10,23,0,43,4,1,4,249,63,davisno01
87,Wade Davis,-,-,-,3,2018,2020,0,4,13,.235,6.49,124,0,97,0,0,60,112.1,103,83,81,18,58,1,123,4,0,9,492,76,daviswa01
88,Zach Day,-,-,-,2,2005,2006,0,1,3,.250,9.12,8,6,0,0,0,0,24.2,42,28,25,5,17,2,13,1,0,1,130,54,dayza01
89,Jorge De La Rosa,-,-,-,9,2008,2016,0,86,61,.585,4.35,209,200,0,2,0,0,1141.1,1095,599,552,129,481,23,985,48,7,70,4911,105,rosajo01
90,Valerio De Los Santos,-,-,F,1,2008,2008,0,0,1,.000,5.63,2,2,0,0,0,0,8.0,6,5,5,1,11,0,10,0,0,0,40,87,delosva01
91,Sam Deduno,S,-,-,1,2010,2010,0,0,0,,3.38,4,0,3,0,0,0,2.2,3,1,1,1,1,0,3,0,0,0,12,154,dedunsa01
92,Mike DeJean,S,-,F,6,1997,2006,0,17,12,.586,4.70,264,1,64,0,0,4,294.2,316,169,154,30,124,18,165,8,0,16,1284,115,dejeami01
93,Manny Delcarmen,-,-,F,1,2010,2010,0,0,2,.000,6.48,9,0,3,0,0,0,8.1,12,6,6,1,4,1,6,0,0,1,41,74,delcama01
94,Ian Desmond,-,-,F,1,2019,2019,0,0,0,,0.00,1,0,1,0,0,0,1.0,1,0,0,0,0,0,0,0,0,0,4,,desmoia01
95,Elmer Dessens,-,-,-,1,2007,2007,0,1,1,.500,7.58,5,5,0,0,0,0,19.0,21,16,16,3,9,0,10,0,0,0,87,64,desseel01
96,Jairo Díaz,-,-,F,4,2015,2020,0,7,7,.500,4.96,105,0,40,0,0,9,101.2,115,67,56,13,44,1,100,6,0,6,459,103,diazja01
97,Phillip Diehl,S,-,-,2,2019,2020,0,0,0,,8.78,16,0,4,0,0,0,13.1,17,13,13,3,3,0,12,1,0,1,60,61,diehlph01
98,Craig Dingman,-,-,-,1,2001,2001,0,0,0,,13.50,7,0,4,0,0,1,7.1,11,11,11,4,3,2,2,2,0,0,37,41,dingmcr01
99,Jerry Dipoto,-,-,F,4,1997,2000,0,12,12,.500,4.21,223,0,109,0,0,36,267.1,276,137,125,25,107,14,201,10,1,17,1155,129,dipotje01
100,Scott Dohmann,S,-,-,3,2004,2006,0,3,5,.375,5.22,100,0,32,0,0,1,101.2,100,61,59,18,53,3,106,2,0,5,455,94,dohmasc01
101,Octavio Dotel,-,-,-,1,2010,2010,0,0,1,.000,5.06,8,0,1,0,0,0,5.1,6,4,3,1,4,0,6,0,0,3,28,97,doteloc01
102,Tommy Doyle,S,C,F,2,2020,2023,0,0,1,.000,8.31,18,0,3,0,0,0,26.0,29,24,24,5,17,0,20,0,0,3,120,61,doyleto01
103,Travis Driskill,-,-,-,1,2004,2004,0,0,0,,6.48,5,0,1,0,0,0,8.1,13,6,6,0,3,0,6,0,0,0,39,79,drisktr01
104,Mike Dunn,-,-,F,3,2017,2019,0,6,1,.857,5.93,121,0,18,0,0,0,85.0,82,56,56,13,52,0,84,0,0,7,378,85,dunnmi01
105,Adam Eaton,-,-,F,1,2009,2009,0,1,0,1.000,5.63,4,0,2,0,0,0,8.0,9,5,5,1,8,2,7,0,0,1,41,87,eatonad01
106,Mike Ekstrom,-,-,F,1,2012,2012,0,0,0,,6.32,15,0,5,0,0,0,15.2,21,11,11,1,2,0,9,0,0,0,72,75,ekstrmi01
107,Scott Elarton,-,-,-,3,2001,2004,0,4,12,.250,7.60,23,22,0,0,0,0,116.0,150,108,98,29,50,5,54,4,0,8,548,67,elartsc01
108,Alan Embree,-,-,F,1,2009,2009,0,2,2,.500,5.84,36,0,6,0,0,0,24.2,28,18,16,3,12,2,12,1,0,2,111,82,embreal01
109,Edgmer Escalona,S,C,F,4,2010,2013,0,1,5,.167,4.50,78,0,20,0,0,0,100.0,96,54,50,16,32,7,71,3,3,5,427,102,escaled01
110,Mike Esposito,S,C,F,1,2005,2005,0,0,2,.000,6.75,3,3,0,0,0,0,14.2,21,11,11,3,9,1,5,0,0,0,73,72,esposmi01
111,Shawn Estes,-,-,-,1,2004,2004,0,15,8,.652,5.84,34,34,0,1,0,0,202.0,223,133,131,30,105,5,117,11,2,4,904,84,estessh01
112,Carlos Estévez,S,-,-,6,2016,2022,0,18,21,.462,4.59,321,0,96,0,0,25,302.0,307,167,154,42,118,8,312,13,2,18,1324,108,estevca01
113,Horacio Estrada,-,-,F,1,2001,2001,0,1,1,.500,14.54,4,0,2,0,0,0,4.1,8,7,7,1,1,0,4,1,0,0,22,39,estraho01
114,Mike Farmer,S,C,F,1,1996,1996,0,0,1,.000,7.71,7,4,1,0,0,0,28.0,32,25,24,8,13,0,16,0,0,1,127,68,farmemi01
115,Jeff Fassero,-,-,-,1,2004,2004,0,3,8,.273,5.51,40,12,2,0,0,0,111.0,136,73,68,9,44,5,59,4,1,4,505,89,fasseje01
116,Ryan Feltner,S,C,F,4,2021,2024,0,9,24,.273,5.39,60,59,0,0,0,0,297.1,313,194,178,40,117,0,257,15,2,8,1309,87,feltnry01
117,Julian Fernández,S,C,F,1,2021,2021,0,0,0,,10.80,6,0,3,0,0,0,6.2,9,8,8,2,4,0,4,0,0,1,33,47,fernaju02
118,Nate Field,-,-,-,1,2006,2006,0,1,1,.500,4.00,14,0,1,0,0,0,9.0,9,4,4,2,5,1,14,0,0,1,40,127,fieldna01
119,Yohan Flande,S,C,F,3,2014,2016,0,3,9,.250,5.15,37,20,4,0,0,0,131.0,136,76,75,19,44,6,77,3,1,1,557,87,flandyo01
120,Chris Flexen,-,-,-,1,2023,2023,0,2,4,.333,6.27,12,12,0,0,0,0,60.1,74,45,42,14,19,0,45,4,0,4,270,79,flexech01
121,Randy Flores,-,-,-,3,2002,2010,0,2,3,.400,5.43,82,2,16,0,0,0,56.1,65,36,34,11,23,2,39,4,0,1,255,88,florera01
122,Josh Fogg,-,-,F,3,2006,2009,0,21,20,.512,5.05,85,61,9,1,1,0,383.1,432,234,215,54,139,21,214,20,0,9,1697,96,foggjo01
123,Jeff Francis,S,-,-,8,2004,2013,0,64,62,.508,4.96,197,185,4,2,2,0,1066.0,1208,615,587,136,333,42,742,43,1,13,4660,96,francje01
124,Scott Fredrickson,S,C,F,1,1993,1993,0,0,1,.000,6.21,25,0,4,0,0,0,29.0,33,25,20,3,17,2,20,1,1,4,137,78,fredrsc01
125,Kyle Freeland,S,C,F,8,2017,2024,0,60,72,.455,4.44,203,198,0,0,0,0,1087.1,1184,575,536,152,353,10,814,41,2,15,4709,109,freelky01
126,Marvin Freeman,-,-,-,3,1994,1996,0,20,18,.526,4.91,67,59,1,0,0,0,337.0,386,203,184,46,121,4,199,13,2,22,1490,105,freemma02
127,Christian Friedrich,S,-,-,3,2012,2015,0,5,16,.238,5.81,100,19,16,0,0,0,167.1,202,119,108,22,65,3,146,5,0,16,757,79,friedch01
128,Brian Fuentes,-,-,-,7,2002,2008,3,16,26,.381,3.38,428,0,243,0,0,115,410.1,337,166,154,39,171,17,470,37,1,23,1745,144,fuentbr01
129,Joshua Fuentes,S,C,F,1,2021,2021,0,0,0,,0.00,1,0,1,0,0,0,1.0,1,0,0,0,0,0,0,0,0,0,4,,fuentjo01
130,Rico Garcia,S,-,-,1,2019,2019,0,0,1,.000,10.50,2,1,1,0,0,0,6.0,9,7,7,3,5,0,2,0,0,0,30,51,garciri01
131,Jon Garland,-,-,F,1,2013,2013,0,4,6,.400,5.82,12,12,0,0,0,0,68.0,85,45,44,9,23,3,32,2,0,4,303,77,garlajo01
132,Gonzalez Germen,-,-,F,2,2015,2016,0,2,1,.667,4.66,69,1,11,0,0,2,73.1,74,39,38,9,46,4,57,1,0,8,329,103,germego01
133,Lucas Gilbreath,S,C,F,3,2021,2024,0,5,2,.714,4.36,97,1,18,0,0,1,86.2,77,46,42,8,50,0,93,6,0,6,384,109,gilbrlu01
134,Chris Gissell,S,C,F,1,2004,2004,0,0,1,.000,14.54,5,1,2,0,0,0,8.2,20,14,14,4,3,0,11,0,0,1,48,35,gissech01
135,Mychal Givens,-,-,-,2,2020,2021,0,4,2,.667,3.69,41,0,11,0,0,1,39.0,34,19,16,9,18,2,40,4,0,4,166,134,givenmy01
136,Austin Gomber,-,-,F,4,2021,2024,0,28,35,.444,4.99,111,95,2,0,0,0,537.0,568,311,298,93,155,4,407,9,0,13,2280,95,gombeau01
137,Chi Chi González,-,-,-,3,2019,2021,0,5,15,.250,6.10,44,34,1,0,0,0,184.1,208,129,125,32,71,0,118,10,0,5,817,82,gonzach01
138,Édgar González,-,-,-,1,2011,2011,0,0,0,,9.00,1,0,1,0,0,0,2.0,5,2,2,0,1,0,1,0,0,0,11,59,gonzaed01
139,Lariel González,S,C,F,1,1998,1998,0,0,0,,0.00,1,0,1,0,0,0,1.0,0,0,0,0,0,0,0,0,0,0,3,,gonzala02
140,Tanner Gordon,S,C,F,1,2024,2024,0,0,6,.000,8.65,8,8,0,0,0,0,34.1,53,34,33,10,6,0,26,2,0,0,160,54,gordota01
141,Ashton Goudeau,S,-,F,3,2020,2022,0,3,1,.750,5.83,27,1,7,0,0,1,54.0,56,37,35,9,20,0,35,3,0,5,230,83,goudeas01
142,Joe Grahe,-,-,-,1,1995,1995,0,4,3,.571,5.08,17,9,0,0,0,0,56.2,69,42,32,6,27,2,27,3,2,3,265,106,grahejo01
143,Mark Grant,-,-,F,1,1993,1993,0,0,1,.000,12.56,14,0,6,0,0,1,14.1,23,20,20,4,6,1,8,0,0,2,68,39,grantma01
144,Jon Gray,S,-,-,7,2015,2021,0,53,49,.520,4.59,152,151,1,1,1,0,829.1,830,451,423,105,280,11,849,36,4,35,3556,107,grayjo02
145,Randal Grichuk,-,-,-,1,2022,2022,0,0,0,,0.00,1,0,1,0,0,0,1.0,0,0,0,0,0,0,0,0,0,0,3,,grichra01
146,Jason Grilli,-,-,-,2,2008,2009,0,3,3,.500,3.68,73,0,18,0,0,2,80.2,84,35,33,3,44,8,81,1,0,5,363,128,grillja01
147,Jason Gurka,S,-,-,2,2015,2016,0,0,0,,9.35,15,0,9,0,0,0,17.1,32,18,18,2,4,0,14,0,0,0,84,53,gurkaja01
148,Jeremy Guthrie,-,-,-,1,2012,2012,0,3,9,.250,6.35,19,15,0,0,0,0,90.2,122,72,64,21,31,2,45,7,1,1,422,73,guthrje01
149,John Habyan,-,-,F,1,1996,1996,0,1,1,.500,7.13,19,0,5,0,0,0,24.0,34,19,19,4,14,1,25,1,1,5,116,74,habyajo01
150,Luther Hackman,S,-,-,1,1999,1999,0,1,2,.333,10.69,5,3,0,0,0,0,16.0,26,19,19,5,12,0,10,0,0,0,84,55,hackmlu01
151,David Hale,-,-,-,2,2015,2016,0,5,5,.500,6.27,19,12,0,0,0,0,80.1,99,59,56,15,22,2,62,2,0,11,358,74,haleda02
152,Seth Halvorsen,S,C,F,1,2024,2024,0,2,0,1.000,0.00,8,0,4,0,0,0,8.2,4,1,0,0,0,0,8,1,0,0,29,,halvose01
153,Jason Hammel,-,-,-,3,2009,2011,0,27,30,.474,4.63,96,87,2,1,0,1,524.2,579,291,270,56,157,10,368,21,3,25,2280,100,hammeja01
154,Justin Hampson,S,-,-,1,2006,2006,0,1,0,1.000,7.50,5,1,0,0,0,0,12.0,19,10,10,3,5,0,9,1,0,1,60,67,hampsju01
155,Mike Hampton,-,-,-,2,2001,2002,1,21,28,.429,5.75,62,62,0,2,1,0,381.2,464,273,244,55,176,11,196,15,2,15,1742,88,hamptmi01
156,Brad Hand,-,-,-,1,2023,2023,0,3,1,.750,4.54,40,0,11,0,0,0,35.2,35,18,18,4,16,1,41,3,0,3,157,110,handbr01
157,Tim Harikkala,-,-,F,2,2004,2007,0,6,6,.500,4.91,56,1,11,0,0,0,66.0,64,37,36,10,24,5,32,1,1,0,281,101,harikti01
158,Mike Harkey,-,-,-,1,1994,1994,0,1,6,.143,5.79,24,13,3,0,0,0,91.2,125,61,59,10,35,4,39,1,2,0,415,86,harkemi01
159,Greg Harris,-,-,-,2,1993,1994,0,4,20,.167,6.60,42,32,2,1,0,1,203.1,242,161,149,37,82,7,122,9,4,9,924,75,harrigr02
160,Will Harris,S,-,-,1,2012,2012,0,1,1,.500,8.15,20,0,10,0,0,0,17.2,27,18,16,3,6,1,19,1,0,4,89,58,harriwi10
161,Geoff Hartlieb,-,-,F,1,2024,2024,0,0,0,,9.00,5,0,0,0,0,0,9.0,13,10,9,1,4,1,7,0,1,2,44,53,hartlge01
162,Joe Harvey,-,-,F,2,2019,2020,0,0,0,,3.97,13,0,4,0,0,0,11.1,10,5,5,2,6,0,8,2,0,0,50,136,harvejo01
163,Ryan Hawblitzel,S,C,F,1,1996,1996,0,0,1,.000,6.00,8,0,3,0,0,0,15.0,18,12,10,2,6,0,7,0,0,1,69,88,hawblry01
164,LaTroy Hawkins,-,-,-,3,2007,2015,0,8,9,.471,3.41,143,0,69,0,0,25,132.0,126,53,50,12,33,4,81,0,0,6,540,134,hawkila01
165,Butch Henry,-,-,-,1,1993,1993,0,2,8,.200,6.59,20,15,1,1,0,0,84.2,117,66,62,14,24,2,39,1,0,1,390,73,henrybu01
166,Matt Herges,-,-,F,3,2007,2009,0,9,5,.643,4.05,102,0,24,0,0,0,122.1,123,61,55,11,41,7,84,5,1,3,525,118,hergema01
167,Liván Hernández,-,-,-,1,2008,2008,0,3,3,.500,8.03,8,8,0,0,0,0,40.1,58,36,36,7,14,1,13,1,0,1,184,59,hernali01
168,Pedro Hernández,-,-,F,1,2014,2014,0,0,1,.000,4.76,1,1,0,0,0,0,5.2,6,3,3,0,2,0,2,1,0,0,24,95,hernape02
169,Bryan Hickerson,-,-,F,1,1995,1995,0,1,0,1.000,11.88,18,0,5,0,0,0,16.2,33,24,22,5,13,1,12,1,1,2,95,46,hickebr01
170,Jaden Hill,S,C,F,1,2024,2024,0,0,0,,3.60,5,0,1,0,0,0,5.0,4,2,2,1,0,0,3,1,0,0,19,136,hillja01
171,Jason Hirsh,-,-,F,2,2007,2008,0,5,7,.417,5.06,23,20,1,1,0,0,121.0,118,73,68,21,52,5,81,2,1,5,529,95,hirshja01
172,Jeff Hoffman,S,-,-,5,2016,2020,0,10,16,.385,6.40,68,38,9,0,0,1,230.2,267,178,164,46,107,7,197,10,0,13,1050,79,hoffmje02
173,Greg Holland,-,-,-,1,2017,2017,1,3,6,.333,3.61,61,0,58,0,0,41,57.1,40,24,23,7,26,1,70,1,0,7,235,140,hollagr01
174,Gavin Hollowell,S,C,F,2,2022,2023,0,2,2,.500,6.20,32,0,10,0,0,1,40.2,38,30,28,9,22,1,40,6,0,0,186,80,holloga01
175,Darren Holmes,-,-,-,5,1993,1997,0,23,13,.639,4.42,263,6,129,0,0,46,328.0,341,181,161,34,136,13,297,5,2,17,1441,116,holmeda01
176,Craig House,S,C,F,1,2000,2000,0,1,1,.500,7.24,16,0,3,0,0,0,13.2,13,11,11,3,17,0,8,2,0,0,69,82,housecr01
177,Sam Howard,S,-,-,2,2018,2019,0,2,0,1.000,5.87,24,0,7,0,0,0,23.0,26,17,15,5,13,0,24,4,0,2,111,89,howarsa01
178,Dakota Hudson,-,-,F,1,2024,2024,0,2,12,.143,6.17,18,18,0,0,0,0,89.0,99,66,61,11,50,0,49,5,0,3,404,75,hudsoda02
179,Bruce Hurst,-,-,-,1,1993,1993,0,0,1,.000,5.19,3,3,0,0,0,0,8.2,6,5,5,1,3,0,6,0,1,1,34,95,hurstbr01
180,Mark Hutton,-,-,-,1,1997,1997,0,0,1,.000,7.11,8,1,0,0,0,0,12.2,22,10,10,3,7,0,10,4,0,0,68,75,huttoma01
181,Mike James,-,-,F,1,2002,2002,0,0,0,,5.56,13,0,6,0,0,0,11.1,12,9,7,2,5,0,10,1,0,0,51,88,jamesmi01
182,Kevin Jarvis,-,-,-,2,2000,2004,0,3,4,.429,6.31,26,19,0,0,0,0,117.0,144,89,82,27,37,5,60,4,0,2,520,92,jarvike01
183,Jason Jennings,S,-,-,6,2001,2006,0,58,56,.509,4.74,156,156,0,6,3,0,941.0,1032,530,496,103,425,34,622,29,1,42,4180,103,jennija01
184,José Jiménez,-,-,-,4,2000,2003,0,15,23,.395,4.13,265,7,213,0,0,102,300.2,332,150,138,24,93,19,173,12,0,12,1316,126,jimenjo01
185,Ubaldo Jiménez,S,-,-,6,2006,2011,1,56,45,.554,3.66,138,137,0,8,3,0,851.0,722,375,346,55,371,26,773,42,4,49,3592,128,jimenub01
186,Alan Johnson,S,C,F,1,2011,2011,0,0,0,,9.00,1,1,0,0,0,0,4.0,6,5,4,0,3,0,3,0,0,1,20,55,johnsal02
187,DJ Johnson,S,-,-,2,2018,2019,0,1,2,.333,4.88,35,0,10,0,0,0,31.1,29,17,17,1,21,2,33,3,0,4,143,106,johnsdj01
188,Pierce Johnson,-,-,-,1,2023,2023,0,1,5,.167,6.00,43,0,26,0,0,13,39.0,47,28,26,7,25,1,58,0,0,3,188,83,johnspi01
189,Bobby Jones,S,-,-,3,1997,1999,0,14,19,.424,5.90,69,44,2,1,0,0,273.0,315,196,179,38,155,0,188,12,1,8,1272,92,jonesbo04
190,Todd Jones,-,-,-,2,2002,2003,0,2,8,.200,5.84,112,1,27,0,0,1,121.2,145,82,79,18,46,3,101,4,0,1,545,83,jonesto02
191,Jorge Julio,-,-,-,1,2007,2007,0,0,3,.000,3.93,58,0,9,0,0,0,52.2,50,25,23,6,20,1,50,1,0,5,221,123,juliojo01
192,Jair Jurrjens,-,-,F,1,2014,2014,0,0,1,.000,10.61,2,2,0,0,0,0,9.1,20,11,11,4,3,0,9,1,0,1,50,42,jurrjja01
193,Evan Justice,S,C,F,2,2023,2024,0,0,0,,8.22,10,0,2,0,0,0,7.2,14,7,7,0,9,0,8,1,0,2,44,65,justiev01
194,Tommy Kahnle,S,-,-,2,2014,2015,0,2,2,.500,4.41,90,0,15,0,0,2,102.0,82,61,50,10,59,3,102,1,0,10,440,100,kahnlto01
195,Scott Karl,-,-,-,1,2000,2000,0,2,3,.400,7.68,17,9,1,0,0,0,65.2,95,56,56,14,33,3,29,3,0,3,319,76,karlsc01
196,Karl Kauffmann,S,C,F,1,2023,2023,0,2,5,.286,8.23,11,3,3,0,0,0,35.0,42,34,32,5,16,0,16,4,0,1,158,61,kauffka01
197,Kyle Kendrick,-,-,-,1,2015,2015,0,7,13,.350,6.32,27,27,0,0,0,0,142.1,172,102,100,33,45,2,80,7,0,4,629,73,kendrky01
198,Joe Kennedy,-,-,-,2,2004,2005,0,13,15,.464,4.88,43,43,0,1,0,0,254.1,291,149,138,29,111,16,169,14,1,12,1147,100,kennejo04
199,Logan Kensing,-,-,-,1,2013,2013,0,0,0,,0.00,1,0,1,0,0,0,0.2,0,0,0,0,1,0,1,0,0,0,2,,kensilo01
200,Bobby Keppel,-,-,-,1,2007,2007,0,0,0,,11.25,4,0,1,0,0,0,4.0,6,5,5,1,3,0,1,0,0,0,20,46,keppebo01
201,Darryl Kile,-,-,-,2,1998,1999,0,21,30,.412,5.84,68,67,1,5,1,0,421.0,482,291,273,61,205,9,274,13,1,25,1908,94,kileda01
202,Byung-Hyun Kim,-,-,-,3,2005,2007,0,14,26,.350,5.33,70,50,5,0,0,0,309.0,341,192,183,37,136,16,246,23,2,16,1385,91,kimby01
203,Sun-Woo Kim,-,-,-,2,2005,2006,0,5,1,.833,5.97,18,8,1,1,1,0,60.1,73,41,40,9,21,0,42,2,0,4,273,81,kimsu01
204,Ray King,-,-,-,1,2006,2006,0,1,4,.200,4.43,67,0,7,0,0,1,44.2,56,26,22,6,20,0,23,2,0,3,199,111,kingra01
205,Tyler Kinley,-,-,F,5,2020,2024,0,10,10,.500,4.77,203,0,50,0,0,17,198.0,173,109,105,28,82,3,210,9,0,17,848,101,kinlety01
206,Mark Knudson,-,-,F,1,1993,1993,0,0,0,,22.24,4,0,2,0,0,0,5.2,16,14,14,4,5,0,3,0,0,2,39,23,knudsma01
207,Matt Koch,-,-,F,2,2023,2024,0,3,2,.600,5.77,41,1,10,0,0,1,39.0,44,26,25,8,10,0,27,2,0,0,168,87,kochma01
208,Marc Kroon,-,-,F,1,2004,2004,0,0,0,,6.00,6,0,1,0,0,0,6.0,7,4,4,1,10,0,3,0,0,1,32,86,kroonma01
209,Chad Kuhl,-,-,-,1,2022,2022,0,6,11,.353,5.72,27,27,0,1,1,0,137.0,155,91,87,25,58,1,110,5,0,5,617,81,kuhlch01
210,Aaron Laffey,-,-,F,1,2015,2015,0,1,0,1.000,3.68,3,0,0,0,0,0,7.1,8,3,3,1,3,1,3,1,0,0,33,131,laffeaa01
211,Peter Lambert,S,C,F,4,2019,2024,0,8,19,.296,6.28,74,35,8,0,0,0,243.2,297,177,170,45,95,5,181,13,0,11,1105,79,lambepe01
212,Dinelson Lamet,-,-,-,2,2022,2023,0,2,5,.286,8.28,35,4,6,0,0,0,45.2,52,44,42,8,32,0,60,4,1,7,221,59,lametdi01
213,Justin Lawrence,S,C,F,4,2021,2024,0,12,12,.500,5.28,179,0,63,0,0,14,191.0,196,127,112,17,108,6,184,15,0,8,865,91,lawreju01
214,David Lee,S,-,-,2,1999,2000,0,3,2,.600,4.45,43,0,14,0,0,1,54.2,53,30,27,7,35,1,44,5,1,3,247,132,leeda01
215,Curt Leskanic,S,-,-,7,1993,1999,0,31,20,.608,4.92,356,11,110,0,0,20,470.0,472,270,257,52,221,9,415,10,6,34,2060,108,leskacu01
216,Matt Lindstrom,-,-,-,1,2011,2011,0,2,2,.500,3.00,63,0,16,0,0,2,54.0,52,21,18,3,14,4,36,2,0,2,226,152,lindsma01
217,Boone Logan,-,-,-,3,2014,2016,0,4,11,.267,4.64,161,0,29,0,0,1,106.2,98,60,55,13,48,7,133,8,0,10,471,101,loganbo02
218,Aquilino López,-,-,-,1,2005,2005,0,0,0,,2.25,1,0,0,0,0,0,4.0,3,1,1,0,0,0,6,0,0,0,15,229,lopezaq01
219,Javier López,S,-,-,3,2003,2005,0,5,3,.625,5.61,142,0,22,0,0,1,101.0,110,64,63,6,38,6,61,7,3,4,442,89,lopezja02
220,Rodrigo López,-,-,-,1,2007,2007,0,5,4,.556,4.42,14,14,0,0,0,0,79.1,83,43,39,11,21,6,43,0,0,0,333,109,lopezro02
221,Wilton López,-,-,F,2,2013,2014,0,3,4,.429,4.63,79,0,29,0,0,0,81.2,106,43,42,9,18,4,52,1,3,0,357,97,lopezwi01
222,Sean Lowe,-,-,-,1,2002,2002,0,1,1,.500,8.71,8,0,0,0,0,0,10.1,16,13,10,1,7,0,7,0,0,0,53,57,lowese01
223,Jordan Lyles,-,-,-,4,2014,2017,0,13,16,.448,5.22,105,37,19,0,0,1,281.0,311,179,163,29,105,5,185,19,0,15,1242,88,lylesjo01
224,Jeff Manship,-,-,-,1,2013,2013,0,0,5,.000,7.04,11,4,3,0,0,0,30.2,37,25,24,6,12,1,18,0,0,0,139,64,manshje01
225,Germán Márquez,S,C,F,9,2016,2024,1,65,56,.537,4.42,177,174,0,4,2,0,1020.0,1007,536,501,142,306,13,986,32,4,55,4316,111,marquge01
226,Jason Marquis,-,-,-,1,2009,2009,1,15,13,.536,4.04,33,33,0,2,1,0,216.0,218,104,97,15,80,6,115,4,1,6,921,116,marquja01
227,Chris Martin,S,-,-,1,2014,2014,0,0,0,,6.89,16,0,1,0,0,0,15.2,22,12,12,2,4,0,14,0,2,1,69,63,martich02
228,Tom Martin,-,-,F,2,2006,2007,0,2,0,1.000,5.02,94,0,16,0,0,0,86.0,94,51,48,8,34,5,56,5,1,1,383,98,martito02
229,Nick Masset,-,-,-,1,2014,2014,0,2,0,1.000,5.80,51,0,14,0,0,0,45.0,56,31,29,3,24,0,36,5,0,2,211,74,masseni01
230,Tyler Matzek,S,-,-,2,2014,2015,0,8,12,.400,4.06,25,24,1,1,1,0,139.2,141,63,63,11,63,1,106,6,0,5,605,107,matzety01
231,Brent Mayne,-,-,-,1,2000,2000,0,1,0,1.000,0.00,1,0,1,0,0,0,1.0,1,0,0,0,1,0,0,0,0,1,5,,maynebr01
232,Zach McClellan,S,C,F,1,2007,2007,0,1,0,1.000,5.79,12,0,1,0,0,0,14.0,20,9,9,0,5,2,13,0,0,0,63,85,mccleza01
233,Jeff McCurry,-,-,-,1,1997,1997,0,1,4,.200,4.43,33,0,14,0,0,0,40.2,43,22,20,7,20,0,19,0,0,2,179,118,mccurje01
234,Chuck McElroy,-,-,-,2,1998,1999,0,9,5,.643,4.13,119,0,39,0,0,2,109.0,116,52,50,12,52,3,98,0,0,4,473,132,mcelrch01
235,Jake McGee,-,-,-,4,2016,2019,0,4,11,.267,4.78,225,0,57,0,0,19,195.2,209,112,104,34,59,3,178,9,1,14,841,104,mcgeeja01
236,Collin McHugh,-,-,-,1,2013,2013,0,0,3,.000,9.95,4,4,0,0,0,0,19.0,33,21,21,4,2,0,8,0,0,0,91,46,mchugco01
237,Nick Mears,-,-,-,2,2023,2024,0,1,5,.167,5.01,57,0,16,0,0,0,64.2,61,38,36,3,35,1,78,1,1,4,290,95,mearsni01
238,Tim Melville,-,-,F,1,2019,2019,0,2,3,.400,4.86,7,7,0,0,0,0,33.1,34,18,18,9,14,0,24,1,0,1,143,107,melviti01
239,Kent Mercker,-,-,-,1,2002,2002,0,3,1,.750,6.14,58,0,8,0,0,0,44.0,55,33,30,12,22,2,37,2,0,1,208,78,merckke01
240,José Mesa,-,-,-,1,2006,2006,0,1,5,.167,3.86,79,0,26,0,0,1,72.1,73,32,31,9,36,6,39,5,1,4,315,128,mesajo01
241,Dan Miceli,-,-,-,3,2001,2005,0,3,4,.429,4.55,55,0,10,0,0,1,59.1,61,33,30,10,27,1,54,2,0,2,266,112,micelda01
242,Jim Miller,-,-,-,1,2011,2011,0,0,0,,2.57,6,0,4,0,0,0,7.0,3,2,2,0,4,0,5,0,0,0,29,185,milleji02
243,Justin Miller,-,-,-,2,2015,2016,0,4,4,.500,4.97,74,0,22,0,0,1,76.0,71,42,42,8,31,0,83,2,1,5,323,96,milleju02
244,Matt Miller,S,-,-,1,2003,2003,0,0,0,,2.08,4,0,2,0,0,0,4.1,5,1,1,0,2,0,5,0,0,0,18,256,millema02
245,Kevin Millwood,-,-,-,1,2011,2011,0,4,3,.571,3.98,9,9,0,0,0,0,54.1,58,26,24,9,8,0,36,0,0,2,222,115,millwke01
246,Nate Minchey,-,-,F,1,1997,1997,0,0,0,,13.50,2,0,0,0,0,0,2.0,5,3,3,0,1,0,1,0,0,0,12,44,minchna01
247,Anthony Molina,S,C,F,1,2024,2024,0,1,1,.500,6.59,33,1,17,0,0,0,56.0,66,42,41,4,22,1,37,2,0,4,247,70,molinan01
248,Marcus Moore,S,-,-,2,1993,1994,0,4,2,.667,6.45,56,0,21,0,0,0,60.0,63,51,43,8,41,2,46,6,1,8,286,77,moorema01
249,David Moraga,-,-,F,1,2000,2000,0,0,0,,45.00,1,0,1,0,0,0,1.0,4,5,5,1,0,0,0,1,0,0,8,16,moragda01
250,Franklin Morales,S,-,-,6,2007,2014,0,13,20,.394,5.10,140,37,37,0,0,10,289.2,304,173,164,39,151,14,214,13,9,12,1307,88,moralfr01
251,Juan Morillo,S,-,-,3,2006,2008,0,0,0,,11.42,6,1,2,0,0,0,8.2,12,11,11,4,4,0,7,2,0,0,44,47,morilju01
252,Clayton Mortensen,-,-,-,1,2011,2011,0,2,4,.333,3.86,16,6,6,0,0,0,58.1,55,30,25,9,24,2,30,2,0,3,244,119,mortecl01
253,Guillermo Moscoso,-,-,-,1,2012,2012,0,3,2,.600,6.12,23,3,4,0,0,0,50.0,67,34,34,8,19,0,47,1,0,5,231,76,moscogu01
254,Jason Motte,-,-,-,1,2016,2016,0,0,1,.000,4.94,30,0,8,0,0,0,23.2,28,15,13,6,8,1,24,2,0,0,109,99,motteja01
255,Jamie Moyer,-,-,F,1,2012,2012,0,2,5,.286,5.70,10,10,0,0,0,0,53.2,75,40,34,11,18,2,36,2,0,0,254,82,moyerja01
256,José Mujica,S,C,F,1,2020,2020,0,0,0,,12.46,2,0,1,0,0,0,4.1,10,7,6,2,2,0,1,0,0,0,23,44,mujicjo01
257,Mike Munoz,-,-,-,6,1993,1998,0,15,14,.517,5.50,300,0,70,0,0,8,239.0,272,162,146,23,112,12,180,3,0,13,1074,94,munozmi01
258,Harrison Musgrave,S,C,F,2,2018,2019,0,2,3,.400,4.45,45,0,12,0,0,0,54.2,45,27,27,7,29,3,44,1,1,3,232,109,musgrha01
259,Mike Myers,-,-,-,2,2000,2001,0,2,4,.333,2.74,151,0,36,0,0,1,85.1,56,27,26,4,48,10,77,3,0,1,346,205,myersmi01
260,Denny Neagle,-,-,F,3,2001,2003,0,19,23,.452,5.57,72,65,0,1,0,0,370.1,409,239,229,67,135,8,271,18,1,7,1645,91,neaglde01
261,Blaine Neal,-,-,F,1,2005,2005,0,1,2,.333,6.14,11,0,3,0,0,0,14.2,20,10,10,2,9,2,8,0,0,1,70,80,nealbl01
262,Pat Neshek,-,-,-,1,2017,2017,0,2,1,.667,2.45,28,0,2,0,0,0,22.0,20,8,6,1,1,0,24,0,0,0,87,208,neshepa01
263,Josh Newman,S,-,-,2,2007,2008,0,0,0,,8.44,10,0,5,0,0,0,10.2,17,10,10,3,6,1,9,2,1,1,57,59,newmajo01
264,Juan Nicasio,S,-,-,4,2011,2014,0,21,22,.488,5.03,88,69,7,0,0,0,381.0,420,228,213,51,135,12,294,8,3,14,1668,89,nicasju01
265,Chris Nichting,-,-,F,2,2001,2002,0,1,1,.500,4.46,36,0,5,0,0,0,42.1,49,21,21,9,5,0,32,1,0,1,178,110,nichtch01
266,David Nied,-,-,F,4,1993,1996,0,14,18,.438,5.47,46,39,3,3,1,0,218.2,252,141,133,26,100,9,127,5,3,8,988,90,niedda01
267,Vladimir Núñez,-,-,-,1,2004,2004,0,3,3,.500,7.01,22,0,6,0,0,0,25.2,26,22,20,6,14,0,22,1,0,4,114,71,nunezvl01
268,Scott Oberg,S,C,F,5,2015,2019,0,18,8,.692,3.85,259,0,57,0,0,7,257.1,238,120,110,26,101,8,234,12,1,18,1088,127,obergsc01
269,Seunghwan Oh,-,-,F,2,2018,2019,0,5,1,.833,5.67,46,0,8,0,0,1,39.2,44,26,25,9,13,0,40,1,0,4,173,88,ohse01
270,Omar Olivares,-,-,-,1,1995,1995,0,1,3,.250,7.39,11,6,1,0,0,0,31.2,44,28,26,4,21,0,15,2,0,4,151,73,olivaom01
271,Darren Oliver,-,-,-,1,2003,2003,0,13,11,.542,5.04,33,32,0,1,0,0,180.1,201,108,101,21,61,3,88,8,0,0,786,99,oliveda02
272,Ramón Ortiz,-,-,-,1,2007,2007,0,1,0,1.000,7.62,10,0,4,0,0,0,13.0,15,11,11,4,7,0,7,1,0,0,59,64,ortizra02
273,Roy Oswalt,-,-,F,1,2013,2013,0,0,6,.000,8.63,9,6,0,0,0,0,32.1,49,31,31,3,9,0,34,1,0,1,151,52,oswalro01
274,Adam Ottavino,-,-,-,7,2012,2018,0,17,18,.486,3.41,361,0,78,0,0,17,390.2,326,159,148,36,165,20,452,20,1,40,1640,136,ottavad01
275,Josh Outman,-,-,-,2,2012,2013,0,4,3,.571,5.99,88,7,11,0,0,0,94.2,103,64,63,10,43,2,93,3,0,7,423,76,outmajo01
276,Lance Painter,S,-,-,4,1993,1996,0,13,10,.565,5.65,92,22,14,1,0,1,208.2,254,137,131,35,70,5,141,6,2,10,934,90,paintla01
277,Jeff Parrett,-,-,-,1,1993,1993,0,3,3,.500,5.38,40,6,13,0,0,1,73.2,78,47,44,6,45,9,66,2,1,11,341,89,parreje01
278,Wes Parsons,-,-,-,1,2019,2019,0,0,0,,6.98,15,0,2,0,0,0,19.1,21,17,15,4,16,2,14,1,0,2,93,75,parsowe01
279,Felipe Paulino,-,-,-,1,2011,2011,0,0,4,.000,7.36,18,0,8,0,0,0,14.2,23,12,12,3,7,0,14,0,0,1,68,63,paulife01
280,James Pazos,-,-,F,2,2019,2020,0,0,0,,6.89,18,0,3,0,0,0,15.2,17,12,12,4,9,1,11,0,0,0,68,77,pazosja01
281,Joel Peralta,-,-,-,1,2009,2009,0,0,3,.000,6.20,27,0,6,0,0,0,24.2,27,17,17,3,12,2,22,3,0,0,113,77,peraljo01
282,Luis Peralta,S,C,F,1,2024,2024,0,0,0,,0.00,11,0,1,0,0,0,9.1,4,0,0,0,5,0,9,0,0,0,35,,perallu01
283,Riley Pint,S,C,F,2,2023,2024,0,0,0,,22.09,5,0,1,0,0,0,3.2,6,9,9,2,8,0,7,2,0,4,27,25,pintri01
284,Drew Pomeranz,S,-,-,3,2011,2013,0,4,14,.222,5.20,34,30,0,0,0,0,136.2,141,83,79,18,70,3,115,6,1,9,616,89,pomerdr01
285,Mike Porzio,S,-,-,1,1999,1999,0,0,0,,8.59,16,0,3,0,0,0,14.2,21,14,14,5,10,0,10,0,0,0,75,69,porzimi01
286,Brooks Pounders,-,-,-,1,2018,2018,0,0,1,.000,7.63,14,0,11,0,0,0,15.1,25,13,13,3,2,0,17,2,0,1,72,63,poundbr01
287,Jay Powell,-,-,-,1,2001,2001,0,3,1,.750,2.79,39,0,15,0,0,7,38.2,34,18,12,5,12,3,26,2,0,0,157,192,powelja04
288,Zach Putnam,-,-,-,1,2012,2012,0,0,0,,0.00,2,0,0,0,0,0,2.0,3,0,0,0,1,0,0,0,0,0,9,,putnaza01
289,Chad Qualls,-,-,F,2,2016,2017,0,3,1,.750,5.29,63,0,23,0,0,0,49.1,60,33,29,8,14,1,33,0,0,1,224,94,quallch01
290,Cal Quantrill,-,-,F,1,2024,2024,0,8,10,.444,4.68,27,27,0,0,0,0,140.1,143,74,73,20,63,0,105,11,1,6,614,98,quantca01
291,Ramón Ramírez,S,-,-,2,2006,2007,0,6,5,.545,4.45,83,0,19,0,0,0,85.0,79,44,42,7,33,5,76,2,0,4,363,110,ramirra02
292,Roberto Ramírez,-,-,F,1,1999,1999,0,1,5,.167,8.26,32,4,6,0,0,1,40.1,68,42,37,8,22,2,32,0,0,4,209,71,ramirro01
293,AJ Ramos,-,-,-,1,2020,2020,0,0,0,,3.38,3,0,0,0,0,0,2.2,4,1,1,1,3,0,1,0,0,0,15,170,ramosaj01
294,Fred Rath,S,C,F,1,1998,1998,0,0,0,,1.69,2,0,1,0,0,0,5.1,6,1,1,0,2,0,2,0,0,0,23,323,rathfr02
295,Mark Redman,-,-,F,2,2007,2008,0,4,5,.444,6.23,15,12,1,0,0,0,65.0,82,48,45,9,22,2,34,1,1,1,295,76,redmama01
296,Steve Reed,-,-,-,7,1993,2004,0,33,29,.532,3.63,461,0,110,0,0,15,499.0,466,223,201,67,166,22,352,36,4,5,2092,140,reedst01
297,Steven Register,S,-,-,1,2008,2008,0,0,0,,9.00,10,0,5,0,0,0,10.0,13,10,10,4,6,1,8,0,0,0,49,54,regisst01
298,Bryan Rekar,S,-,-,3,1995,1997,0,7,10,.412,6.54,31,27,0,1,0,0,152.2,193,119,111,25,56,3,89,8,2,7,710,81,rekarbr01
299,Dennys Reyes,-,-,-,1,2002,2002,0,0,1,.000,4.24,43,0,13,0,0,0,40.1,43,19,19,1,24,3,30,0,0,4,182,113,reyesde01
300,Greg Reynolds,S,-,-,2,2008,2011,0,5,8,.385,7.47,27,16,3,0,0,0,94.0,123,80,78,20,36,5,40,5,0,3,438,63,reynogr01
301,Mark Reynolds,-,-,F,1,2019,2019,0,0,0,,18.00,1,0,1,0,0,0,1.0,2,2,2,0,1,0,0,1,0,0,7,37,reynoma01
302,Matt Reynolds,S,-,-,3,2010,2012,0,5,3,.625,3.93,165,0,27,0,0,0,126.0,123,59,55,23,40,9,118,2,3,11,530,118,reynoma02
303,Armando Reynoso,-,-,-,4,1993,1996,0,30,31,.492,4.65,89,87,0,5,0,0,503.0,571,289,260,66,170,11,270,29,11,15,2207,109,reynoar02
304,Juan Rincón,-,-,F,2,2009,2010,0,3,2,.600,7.31,28,0,2,0,0,0,28.1,21,24,23,2,22,4,28,1,0,1,127,66,rincoju01
305,Kevin Ritz,-,-,F,5,1994,1998,0,39,38,.506,5.20,101,98,3,3,0,2,576.1,654,358,333,62,253,13,337,24,2,30,2576,100,ritzke01
306,Joe Roa,-,-,-,1,2003,2003,0,0,0,,4.05,4,0,3,0,0,0,6.2,7,3,3,2,0,0,4,0,0,0,26,128,roajo01
307,Kenny Roberts,S,-,-,1,2015,2015,0,0,1,.000,5.79,9,0,3,0,0,0,9.1,13,6,6,0,2,0,5,1,0,0,43,83,roberke02
308,Josh Roenicke,-,-,-,2,2011,2012,0,4,2,.667,3.33,82,0,20,0,0,1,105.1,99,47,39,10,50,4,66,3,0,9,451,139,roenijo01
309,Esmil Rogers,S,-,-,4,2009,2012,0,8,11,.421,6.77,70,22,12,0,0,0,184.2,243,149,139,21,93,9,161,13,3,15,884,68,rogeres01
310,Josh Rogers,-,-,F,1,2024,2024,0,2,0,1.000,6.55,6,0,2,0,0,0,11.0,15,8,8,1,3,1,3,2,0,0,50,72,rogerjo01
311,J.C. Romero,-,-,-,1,2011,2011,0,1,0,1.000,4.32,12,0,2,0,0,0,8.1,12,7,4,1,3,0,9,0,0,0,41,109,romerj.01
312,Jorge Rondon,-,-,-,1,2015,2015,0,0,0,,90.00,2,0,1,0,0,0,1.0,8,11,10,0,3,0,1,0,0,0,15,7,rondojo01
313,Brian Rose,-,-,-,1,2000,2000,0,4,5,.444,5.51,12,12,0,0,0,0,63.2,72,41,39,10,30,6,40,3,1,2,293,106,rosebr01
314,Zac Rosscup,-,-,F,2,2017,2021,0,0,0,,4.50,13,0,6,0,0,0,10.0,12,5,5,3,1,0,14,1,0,0,43,117,rosscza01
315,Bruce Ruffin,-,-,F,5,1993,1997,0,17,18,.486,3.84,246,12,137,0,0,60,321.0,299,157,137,25,165,15,319,2,0,26,1405,131,ruffibr01
316,Glendon Rusch,-,-,F,2,2008,2009,0,6,3,.667,5.23,34,9,4,0,0,0,82.2,107,50,48,11,17,4,56,0,0,1,367,90,ruschgl01
317,Chris Rusin,-,-,-,5,2015,2019,0,16,19,.457,4.52,164,29,19,2,1,2,356.2,388,201,179,41,110,9,273,11,4,14,1534,106,rusinch01
318,Bret Saberhagen,-,-,-,1,1995,1995,0,2,1,.667,6.28,9,9,0,0,0,0,43.0,60,33,30,8,13,1,29,5,0,1,206,86,saberbr01
319,A.J. Sager,-,-,-,1,1995,1995,0,0,0,,7.36,10,0,2,0,0,0,14.2,19,16,12,1,7,1,10,0,0,0,70,74,sagera.01
320,Mike Saipe,S,C,F,1,1998,1998,0,0,1,.000,10.80,2,2,0,0,0,0,10.0,22,12,12,5,0,0,2,2,0,0,54,49,saipemi01
321,Jesús Sánchez,-,-,-,1,2003,2003,0,0,0,,9.00,9,0,4,0,0,0,8.0,11,8,8,1,4,2,2,0,0,1,38,57,sanchje01
322,Jonathan Sánchez,-,-,-,1,2012,2012,0,0,3,.000,9.53,3,3,0,0,0,0,11.1,17,13,12,3,9,1,9,0,0,2,57,50,sanchjo01
323,Mo Sanford,-,-,-,1,1993,1993,0,1,2,.333,5.30,11,6,1,0,0,0,35.2,37,25,21,4,27,0,36,0,1,2,166,91,sanfomo01
324,Antonio Santos,S,C,F,2,2020,2021,0,0,2,.000,8.83,10,1,4,0,0,0,17.1,23,18,17,2,9,0,14,2,1,2,81,58,santoan02
325,Víctor Santos,-,-,-,1,2002,2002,0,0,4,.000,10.38,24,2,6,0,0,0,26.0,41,30,30,3,22,3,25,0,0,2,140,47,santovi01
326,Rob Scahill,S,-,-,3,2012,2014,0,2,0,1.000,4.42,41,0,12,0,0,0,57.0,64,28,28,8,21,3,35,5,0,1,254,102,scahiro01
327,Tim Scott,-,-,F,1,1997,1997,0,0,0,,10.13,3,0,0,0,0,0,2.2,5,3,3,0,2,0,2,0,0,0,14,57,scottti01
328,Connor Seabold,-,-,F,1,2023,2023,0,1,7,.125,7.52,27,13,7,0,0,0,87.1,116,76,73,19,28,1,67,7,0,5,408,66,seaboco01
329,Bobby Seay,-,-,-,1,2005,2005,0,0,0,,8.49,17,0,5,0,0,0,11.2,18,11,11,3,8,1,11,0,1,0,58,58,seaybo01
330,Antonio Senzatela,S,C,F,8,2017,2024,0,39,43,.476,4.88,146,120,5,1,0,0,682.2,776,391,370,81,211,8,453,27,7,8,2966,101,senzaan01
331,Dan Serafini,-,-,F,1,2007,2007,0,0,0,,54.00,3,0,0,0,0,0,0.1,0,2,2,0,2,0,0,1,1,0,4,17,serafda01
332,Brian Serven,S,-,-,1,2022,2022,0,0,0,,0.00,1,0,1,0,0,0,1.0,0,0,0,0,1,0,0,0,0,0,3,,servebr01
333,Scott Service,-,-,-,1,1993,1993,0,0,0,,9.64,3,0,0,0,0,0,4.2,8,5,5,1,1,0,3,1,0,0,24,53,servisc01
334,Bryan Shaw,-,-,-,2,2018,2019,0,7,8,.467,5.61,131,0,32,0,0,1,126.2,139,87,79,21,57,2,112,6,0,9,568,89,shawbr01
335,Jordan Sheffield,S,C,F,2,2021,2022,0,0,0,,3.16,32,0,14,0,0,0,31.1,21,11,11,2,15,0,21,2,0,4,124,154,sheffjo01
336,Keith Shepherd,-,-,-,1,1993,1993,0,1,3,.250,6.98,14,1,3,0,0,1,19.1,26,16,15,4,4,0,7,1,0,1,85,70,shephke01
337,Chasen Shreve,-,-,F,1,2024,2024,0,0,0,,0.00,1,0,0,0,0,0,1.0,1,0,0,0,0,0,0,0,0,0,4,,shrevch01
338,Allan Simpson,S,-,-,2,2004,2005,0,2,1,.667,6.13,34,0,9,0,0,0,39.2,47,31,27,4,23,0,46,4,0,4,191,82,simpsal01
339,Bryn Smith,-,-,F,1,1993,1993,0,2,4,.333,8.49,11,5,2,0,0,0,29.2,47,29,28,2,11,1,9,3,0,1,150,57,smithbr01
340,Chad Smith,S,-,-,1,2022,2022,0,0,1,.000,7.50,15,0,2,0,0,0,18.0,16,15,15,2,15,0,23,2,0,3,85,63,smithch12
341,Greg Smith,-,-,F,1,2010,2010,0,1,2,.333,6.23,8,8,0,0,0,0,39.0,49,28,27,8,24,2,31,1,0,1,182,75,smithgr02
342,Justin Speier,-,-,-,3,2001,2003,0,12,5,.706,4.04,177,0,46,0,0,10,191.2,171,92,86,28,54,13,160,15,3,5,806,125,speieju01
343,Ryan Speier,S,C,F,4,2005,2009,0,7,3,.700,3.99,90,0,26,0,0,0,99.1,104,46,44,4,42,3,58,7,1,6,430,120,speiery01
344,Denny Stark,-,-,-,3,2002,2004,0,14,12,.538,5.45,55,39,1,0,0,0,233.0,259,169,141,46,115,9,104,8,1,5,1070,90,starkde01
345,Robert Stephenson,-,-,-,2,2021,2022,0,4,2,.667,4.57,94,0,19,0,0,1,90.2,95,54,46,13,31,1,89,2,0,6,394,104,stephro01
346,Jim Stoops,S,C,F,1,1998,1998,0,1,0,1.000,2.25,3,0,0,0,0,0,4.0,5,1,1,1,3,0,0,1,0,0,17,247,stoopji01
347,Huston Street,-,-,-,3,2009,2011,0,9,9,.500,3.50,170,0,138,0,0,84,167.1,144,71,65,22,33,9,170,3,1,2,666,133,streehu01
348,Eric Stults,-,-,-,1,2011,2011,0,0,0,,6.00,6,0,2,0,0,0,12.0,11,8,8,4,4,1,7,1,0,0,53,78,stulter01
349,Brent Suter,-,-,-,1,2023,2023,0,4,3,.571,3.38,57,2,12,0,0,0,69.1,65,36,26,3,25,0,55,3,0,1,292,147,suterbr01
350,Mac Suzuki,-,-,-,1,2001,2001,0,0,2,.000,15.63,3,1,0,0,0,0,6.1,9,12,11,3,11,0,5,1,0,2,39,36,suzukma01
351,Bill Swift,-,-,-,3,1995,1997,0,14,10,.583,5.47,40,35,3,0,0,2,189.1,230,131,115,24,74,2,102,3,2,4,848,97,swiftbi02
352,Julián Tavárez,-,-,-,1,2000,2000,0,11,5,.688,4.43,51,12,8,1,0,1,120.0,124,68,59,11,53,9,62,7,1,2,530,131,tavarju01
353,Mark Thompson,S,-,-,5,1994,1998,0,16,20,.444,6.11,69,47,5,3,1,0,282.2,354,209,192,50,129,3,157,24,2,4,1314,86,thompma01
354,John Thomson,S,-,-,5,1997,2002,0,27,43,.386,5.01,102,101,1,6,2,0,611.0,672,365,340,83,188,10,390,14,2,11,2642,104,thomsjo01
355,Jesús Tinoco,S,-,-,3,2019,2021,0,0,3,.000,5.49,28,0,5,0,0,1,41.0,44,29,25,15,27,1,31,2,0,3,188,96,tinocje01
356,Carlos Torres,-,-,-,1,2012,2012,0,5,3,.625,5.26,31,0,9,0,0,0,53.0,49,31,31,2,26,1,42,4,0,6,231,88,torreca01
357,Alan Trejo,S,C,F,1,2023,2023,0,0,0,,13.50,2,0,2,0,0,0,2.0,4,3,3,2,0,0,1,0,0,0,10,42,trejoal01
358,Chin-hui Tsao,S,-,-,3,2003,2005,0,4,3,.571,5.80,29,8,15,0,0,4,63.2,71,42,41,16,26,2,44,5,0,1,289,86,tsaoch01
359,José Ureña,-,-,-,2,2022,2023,0,3,12,.200,5.93,22,22,0,0,0,0,107.2,129,79,71,19,52,0,69,1,0,2,489,79,urenajo01
360,Cory Vance,S,C,F,2,2002,2003,0,1,3,.250,5.74,11,4,1,0,0,0,31.1,35,22,20,8,14,0,13,2,1,0,141,88,vanceco01
361,Jerry Vasto,S,-,-,1,2018,2018,0,0,0,,40.50,1,0,0,0,0,0,0.2,3,3,3,0,1,0,1,0,0,0,6,17,vastoje01
362,Mike Venafro,-,-,F,1,2006,2006,0,1,0,1.000,2.45,7,0,0,0,0,0,3.2,3,1,1,0,3,0,2,0,0,0,15,217,venafmi01
363,Dave Veres,-,-,-,2,1998,1999,0,7,9,.438,3.99,136,0,89,0,0,39,153.1,155,72,68,20,64,9,145,4,3,10,668,138,veresda01
364,Ron Villone,-,-,-,1,2001,2001,0,1,3,.250,6.36,22,6,6,0,0,0,46.2,56,35,33,6,29,4,48,1,0,2,222,84,villoro01
365,Luis Vizcaíno,-,-,-,1,2008,2008,0,1,2,.333,5.28,43,0,13,0,0,0,46.0,48,28,27,10,19,1,49,1,0,0,203,89,vizcalu01
366,Victor Vodnik,S,C,F,2,2023,2024,0,5,3,.625,4.72,64,0,21,0,0,9,76.1,83,43,40,6,36,1,72,1,0,4,338,99,vodnivi01
367,Chris Volstad,-,-,-,1,2013,2013,0,0,0,,10.80,6,0,1,0,0,0,8.1,19,10,10,1,1,0,3,2,0,0,47,43,volstch01
368,Dave Wainhouse,-,-,-,2,1998,1999,0,1,0,1.000,6.35,29,0,14,0,0,0,39.2,52,28,28,7,21,0,21,2,0,2,182,90,wainhda01
369,Pete Walker,-,-,-,1,2000,2000,0,0,0,,17.36,3,0,1,0,0,0,4.2,10,9,9,1,4,0,2,0,0,0,27,35,walkepe01
370,Bruce Walton,-,-,F,1,1994,1994,0,1,0,1.000,8.44,4,0,2,0,0,0,5.1,6,5,5,1,3,1,1,0,1,0,26,62,waltobr01
371,John Wasdin,-,-,-,2,2000,2001,0,2,4,.333,6.30,32,3,4,1,0,0,60.0,74,42,42,13,17,4,52,4,0,3,264,90,wasdijo01
372,Gary Wayne,-,-,-,1,1993,1993,0,5,3,.625,5.05,65,0,21,0,0,1,62.1,68,40,35,8,26,8,49,1,1,9,283,95,waynega01
373,Kip Wells,-,-,-,1,2008,2008,0,1,2,.333,5.27,15,2,6,0,0,0,27.1,29,19,16,3,19,2,22,1,0,2,126,90,wellski01
374,Turk Wendell,-,-,F,1,2004,2004,0,0,0,,7.02,12,0,5,0,0,0,16.2,21,13,13,4,12,1,11,2,0,1,80,71,wendetu01
375,Alex White,-,-,F,2,2011,2012,0,4,13,.235,6.30,30,27,0,0,0,0,134.1,162,101,94,25,67,10,88,9,0,11,630,73,whiteal01
376,Gabe White,-,-,-,2,2000,2001,0,12,9,.571,4.00,136,0,33,0,0,5,150.2,132,68,67,23,40,7,129,4,0,2,613,140,whitega01
377,Rick White,-,-,-,1,2002,2002,0,2,6,.250,6.20,41,0,8,0,0,0,40.2,49,30,28,4,18,4,27,1,0,3,182,78,whiteri01
378,Randy Williams,-,-,-,1,2005,2005,0,2,1,.667,5.73,30,0,6,0,0,0,22.0,26,15,14,4,9,3,19,0,0,0,100,85,willira01
379,Jay Witasick,-,-,-,1,2005,2005,0,0,4,.000,2.52,32,0,7,0,0,0,35.2,27,11,10,2,12,3,40,3,0,2,148,191,witasja01
380,Jamey Wright,S,-,-,6,1996,2005,0,35,52,.402,5.40,140,132,1,2,0,0,791.2,931,526,475,91,387,17,381,54,9,21,3589,95,wrighja01
381,Masato Yoshii,-,-,-,1,2000,2000,0,6,15,.286,5.86,29,29,0,0,0,0,167.1,201,112,109,32,53,6,88,2,1,2,726,99,yoshima01
382,Jason Young,S,C,F,2,2003,2004,0,0,3,.000,9.71,10,5,1,0,0,0,29.2,49,34,32,11,14,1,25,1,0,3,153,52,youngja01
383,Todd Zeile,-,-,-,1,2002,2002,0,0,0,,0.00,1,0,1,0,0,0,1.0,1,0,0,0,0,0,1,0,0,0,3,,zeileto01